{
  "summary": {
    "CC": {
      "aggregatePromptSavingsPct": 10.097358058836923,
      "aggregateTokenSavingsPct": 4.284706340324072,
      "avgConsistency": 0.8612925170068028,
      "avgRetention": 0.8602891156462584,
      "baselinePromptTokensTotal": 180057,
      "baselineTokensTotal": 411020,
      "meanPromptSavingsPct": -17.440003089553745,
      "meanTokenSavingsPct": -27.09821911492419,
      "negativePromptSavingsCases": 66,
      "negativeTokenSavingsCases": 62,
      "numCases": 147,
      "p25PromptSavingsPct": -11.638103148109696,
      "p25TokenSavingsPct": -7.033663936129641,
      "p50PromptSavingsPct": 2.1866204806235117,
      "p50TokenSavingsPct": 1.8600531443755535,
      "p75PromptSavingsPct": 11.791949839338017,
      "p75TokenSavingsPct": 9.899739626500462,
      "passHat1Rate": 0.891156462585034,
      "stdPromptSavingsPct": 213.9784700726518,
      "stdTokenSavingsPct": 338.69754013112714,
      "summaryPromptTokensTotal": 161876,
      "summaryTokensTotal": 393409
    },
    "CM": {
      "aggregatePromptSavingsPct": 28.0664908939716,
      "aggregateTokenSavingsPct": 15.828881072974077,
      "avgConsistency": 0.81925,
      "avgRetention": 0.8166458333333333,
      "baselinePromptTokensTotal": 352349,
      "baselineTokensTotal": 604749,
      "meanPromptSavingsPct": 25.50486412212128,
      "meanTokenSavingsPct": 13.68113788892707,
      "negativePromptSavingsCases": 5,
      "negativeTokenSavingsCases": 13,
      "numCases": 80,
      "p25PromptSavingsPct": 20.072395880193586,
      "p25TokenSavingsPct": 6.933217891332048,
      "p50PromptSavingsPct": 27.705981386170137,
      "p50TokenSavingsPct": 15.418538166274875,
      "p75PromptSavingsPct": 34.31313862757417,
      "p75TokenSavingsPct": 24.07895480243313,
      "passHat1Rate": 0.9625,
      "stdPromptSavingsPct": 14.27122809564593,
      "stdTokenSavingsPct": 14.76211083133577,
      "summaryPromptTokensTotal": 253457,
      "summaryTokensTotal": 509024
    },
    "GR": {
      "aggregatePromptSavingsPct": 4.345354870647769,
      "aggregateTokenSavingsPct": 3.59311138446887,
      "avgConsistency": 0.915774647887324,
      "avgRetention": 0.8697769953051643,
      "baselinePromptTokensTotal": 54541,
      "baselineTokensTotal": 100804,
      "meanPromptSavingsPct": 0.10267661171337457,
      "meanTokenSavingsPct": -0.09119764291831088,
      "negativePromptSavingsCases": 30,
      "negativeTokenSavingsCases": 31,
      "numCases": 71,
      "p25PromptSavingsPct": -4.492884165015313,
      "p25TokenSavingsPct": -9.94775219514538,
      "p50PromptSavingsPct": 0.938566552901024,
      "p50TokenSavingsPct": 0.6811989100817438,
      "p75PromptSavingsPct": 8.549962078119075,
      "p75TokenSavingsPct": 10.283584340188114,
      "passHat1Rate": 0.9295774647887324,
      "stdPromptSavingsPct": 25.660008120195698,
      "stdTokenSavingsPct": 23.773025497036357,
      "summaryPromptTokensTotal": 52171,
      "summaryTokensTotal": 97182
    },
    "IC": {
      "aggregatePromptSavingsPct": 8.893598478846458,
      "aggregateTokenSavingsPct": 4.9656789936204175,
      "avgConsistency": 0.8509908440629471,
      "avgRetention": 0.8246,
      "baselinePromptTokensTotal": 252440,
      "baselineTokensTotal": 540631,
      "meanPromptSavingsPct": -0.44494979827744374,
      "meanTokenSavingsPct": -0.6306361235888951,
      "negativePromptSavingsCases": 75,
      "negativeTokenSavingsCases": 69,
      "numCases": 150,
      "p25PromptSavingsPct": -10.761330020115963,
      "p25TokenSavingsPct": -10.454883048699312,
      "p50PromptSavingsPct": -0.07593014426727411,
      "p50TokenSavingsPct": 1.2033110341257516,
      "p75PromptSavingsPct": 12.17365489059253,
      "p75TokenSavingsPct": 10.975970610319232,
      "passHat1Rate": 0.9533333333333334,
      "stdPromptSavingsPct": 24.860062010947523,
      "stdTokenSavingsPct": 20.43899355186107,
      "summaryPromptTokensTotal": 229989,
      "summaryTokensTotal": 513785
    },
    "PI": {
      "aggregatePromptSavingsPct": 34.16598069295817,
      "aggregateTokenSavingsPct": 21.2428200668242,
      "avgConsistency": 0.8138686371100164,
      "avgRetention": 0.7038799945265463,
      "baselinePromptTokensTotal": 200445,
      "baselineTokensTotal": 327127,
      "meanPromptSavingsPct": -1.4334308601730728,
      "meanTokenSavingsPct": -28.3239358029903,
      "negativePromptSavingsCases": 18,
      "negativeTokenSavingsCases": 23,
      "numCases": 87,
      "p25PromptSavingsPct": 4.176832810503079,
      "p25TokenSavingsPct": -2.0361136487748612,
      "p50PromptSavingsPct": 18.68344627299129,
      "p50TokenSavingsPct": 12.114065180102916,
      "p75PromptSavingsPct": 35.47361104982128,
      "p75TokenSavingsPct": 23.464607154023035,
      "passHat1Rate": 0.9655172413793104,
      "stdPromptSavingsPct": 175.4918161426637,
      "stdTokenSavingsPct": 334.061948840025,
      "summaryPromptTokensTotal": 131961,
      "summaryTokensTotal": 257636
    },
    "SA": {
      "aggregatePromptSavingsPct": 0.9499375953404521,
      "aggregateTokenSavingsPct": 1.5444188284799785,
      "avgConsistency": 0.8619178082191781,
      "avgRetention": 0.8650684931506849,
      "baselinePromptTokensTotal": 28844,
      "baselineTokensTotal": 89354,
      "meanPromptSavingsPct": 0.033877622631385544,
      "meanTokenSavingsPct": 0.7446653310420885,
      "negativePromptSavingsCases": 29,
      "negativeTokenSavingsCases": 31,
      "numCases": 73,
      "p25PromptSavingsPct": -5.570291777188329,
      "p25TokenSavingsPct": -8.676599474145487,
      "p50PromptSavingsPct": 0.0,
      "p50TokenSavingsPct": 3.3986928104575163,
      "p75PromptSavingsPct": 9.558823529411764,
      "p75TokenSavingsPct": 11.406351263771873,
      "passHat1Rate": 0.8356164383561644,
      "stdPromptSavingsPct": 18.540061388654667,
      "stdTokenSavingsPct": 17.073047916317776,
      "summaryPromptTokensTotal": 28570,
      "summaryTokensTotal": 87974
    },
    "SC": {
      "aggregatePromptSavingsPct": -0.49742145495775575,
      "aggregateTokenSavingsPct": -1.0762728523687832,
      "avgConsistency": 0.8814376996805112,
      "avgRetention": 0.8720779220779221,
      "baselinePromptTokensTotal": 27341,
      "baselineTokensTotal": 81392,
      "meanPromptSavingsPct": -0.7393602107547058,
      "meanTokenSavingsPct": -1.7849867397684882,
      "negativePromptSavingsCases": 38,
      "negativeTokenSavingsCases": 38,
      "numCases": 77,
      "p25PromptSavingsPct": -5.454545454545454,
      "p25TokenSavingsPct": -9.53360768175583,
      "p50PromptSavingsPct": 0.0,
      "p50TokenSavingsPct": 0.0,
      "p75PromptSavingsPct": 5.9734513274336285,
      "p75TokenSavingsPct": 7.521367521367521,
      "passHat1Rate": 0.935064935064935,
      "stdPromptSavingsPct": 14.259908172929439,
      "stdTokenSavingsPct": 16.905091621359098,
      "summaryPromptTokensTotal": 27477,
      "summaryTokensTotal": 82268
    },
    "SI": {
      "aggregatePromptSavingsPct": 39.49757883510791,
      "aggregateTokenSavingsPct": 22.587579138639143,
      "avgConsistency": 0.841137104506232,
      "avgRetention": 0.8571085969958453,
      "baselinePromptTokensTotal": 636677,
      "baselineTokensTotal": 1046739,
      "meanPromptSavingsPct": 23.989582206011224,
      "meanTokenSavingsPct": 13.70622676212065,
      "negativePromptSavingsCases": 20,
      "negativeTokenSavingsCases": 26,
      "numCases": 149,
      "p25PromptSavingsPct": 1.2195121951219512,
      "p25TokenSavingsPct": 0.8840775823184482,
      "p50PromptSavingsPct": 32.080536912751676,
      "p50TokenSavingsPct": 16.666666666666664,
      "p75PromptSavingsPct": 43.01305371281832,
      "p75TokenSavingsPct": 26.46992565893219,
      "passHat1Rate": 0.8926174496644296,
      "stdPromptSavingsPct": 24.711894229541947,
      "stdTokenSavingsPct": 19.214021997787746,
      "summaryPromptTokensTotal": 385205,
      "summaryTokensTotal": 810306
    },
    "TS": {
      "aggregatePromptSavingsPct": 0.5072303960177689,